headline,source
"Bruce Willis, Demi Moore avoided doing one thing while co-parenting, daughter says",FoxNews
Jack Carr recalls Gen. Eisenhower's D-Day memo about 'great and noble undertaking',FoxNews
"Blinken meets Qatar PM, says Israeli actions are not 'retaliation,' but 'defending the lives of its people'",FoxNews
Striking Boeing workers boo after Democratic Sen. Maria Cantwell criticizes Trump,FoxNews
"White House grilled on Harris' gun ownership, mandatory gun buybacks",FoxNews
Pennsylvania family sickened after eating toxic mushrooms expected to recover,FoxNews
"David McCullough, American historian and Presidential Medal of Freedom recipient, dies at 89",FoxNews
Web designer who refuses to create sites for same-sex weddings says Colorado law violates free speech rights,FoxNews
"Emily Blunt says her ‘toes curl’ when people tell her their kids want to act: 'I want to say, don’t do it!'",FoxNews
"Tom Cotton turns tables on CNN's Dana Bash on guns, brings up Harris' past remarks on school shootings",FoxNews
"'The View' co-host, CNN commentator Ana Navarro to host night 2 of Democratic National Convention",FoxNews
Rare Disease Day: Walking Dead Syndrome and other rare conditions baffle doctors and researchers,FoxNews
"Kamala rides tsunami of positive press, but skeptics see a risky choice",FoxNews
Family selling dream home to fund life-saving treatment for 5-year-old daughter,FoxNews
CNN calls out Harris for using Trump's border wall in campaign ad after condemning it for years,FoxNews
"Ozempic, the happy drug? Study suggests weight-loss medications could reduce depression, anxiety",FoxNews
"Taylor Swift steals NYC spotlight during dinner with Blake Lively, Sophie Turner and Brittany Mahomes",FoxNews
Harris' running mate faces renewed scrutiny after his 'weird' socialism comparison resurfaces,FoxNews
"Israeli-American reservist killed by Hezbollah missile in Israel, IDF says",FoxNews
San Jose State women's volleyball's trans player raises eyebrows with brutal spike vs New Mexico,FoxNews
Sheldon Whitehouse doesn't denounce super-exclusive beach club his family belongs to,FoxNews
Simon Cowell reveals how his son changed his judging style: ‘I have much more empathy’,FoxNews
"Harris calls for Americans to 'move past the failed policies' in November, draws mockery",FoxNews
"The Doors' Jim Morrison had ‘a fascination with death’ before passing away at 27, bandmate Robby Krieger says",FoxNews
"Harris campaign won't give details on type of gun she owns, last time she went to range",FoxNews
"Taylor Swift, Travis Kelce get support from family after surprise 'Eras Tour' stage appearance",FoxNews
Israel Defense Forces confirm 'targeted strike' on Beirut,FoxNews
"Pope Emeritus Benedict XVI dead at 95, Vatican says",FoxNews
Nevada women's volleyball captain slams trans athletes in her sport as team decides against players’ refusal,FoxNews
"Israel declares war after Hamas surprise attack, launches retaliatory airstrikes in Gaza",FoxNews
"Utah mom kept missing daughter, 5, hidden in cult 'compound' for months with help from adult sons: prosecutors",FoxNews
"AOC fires back at Fetterman, accuses him of 'bleak dunk attempt'",FoxNews
"Jake E Lee, former guitarist for Ozzy Osbourne, ‘broke a rib and damaged a lung’ after being shot at 3 times",FoxNews
"Kamala Harris' far-left record dismissed as 'accusations,' attacks from Trump and GOP: 'She's moderate'",FoxNews
"Trump and Harris in toss-up races in key swing states Pennsylvania, Georgia, Nevada: poll",FoxNews
Walz repeats Georgia abortion death falsehood decried by doctors as 'fearmongering',FoxNews
"Israel says it conducted retaliatory strikes against Hezbollah in Lebanon, struck Hamas in Gaza",FoxNews
Bruce Willis shares sweet embrace with daughter Tallulah and makes funny faces in playful snaps,FoxNews
"Hezbollah hits Israel with deadliest attack in months-long conflict, IDF says, raising fears of escalation",FoxNews
"Harris supporters say she'll fix immigration, blame Trump for border crisis",FoxNews
Trump hints he will appear on Joe Rogan podcast: 'I think I'm doing it',FoxNews
'Star Wars' actress Carrie Fisher honored with star on Hollywood Walk of Fame amid family drama,FoxNews
JD Vance calls out 'deranged' mindset that we need illegal immigrants to build houses,FoxNews
"Meet the American who created bubble gum, Walter Diemer, home-kitchen chemist outwitted scientists",FoxNews
Franklin Graham's Samaritan's Purse sponsors 21 ambulances in Israel to replace those destroyed by Hamas,FoxNews
How Secret Service protocol has changed amid presidential assassination attempts through the years,FoxNews
Biden campaign sends all-staff memo hoping to calm post-debate concerns,FoxNews
Kamala Harris struggling to say how she's different than Biden on 'The View' surprises CNN panel,FoxNews
Harrison Ford mocks Conan O’Brien after 'Star Wars' dis: ‘You can't f---ing remember',FoxNews
Wisconsin kicks off election season with first widely available absentee ballots,FoxNews
Transgender athlete defeated by woman competitor at major UK competition championship in epic comeback,FoxNews
Fox Nation to debut new American history series hosted by Kelsey Grammer,FoxNews
Eagles' Nick Sirianni has heated spat with fans after close win vs Browns,FoxNews
Trump calls Liz Cheney a 'low IQ war hawk' after appearance in support of Harris,FoxNews
America's 'unique' Thanksgiving stuffing preferences state-by-state,FoxNews
Colorado mayor speaks out after video of armed Venezuelan gang in apartment goes viral: 'Failed policy',FoxNews
"How Stairwell B became the site of a miracle amidst the tragedy of Sept. 11, 2001",FoxNews
"How US government will dole out aid to victims of Hurricanes Milton, Helene",FoxNews
Remains of Kansas Priest Who Died in Korean War Identified,FoxNews
"The best vegetables for your health, according to nutritionists",FoxNews
‘Seven Deadly Sins’ biker gang founder kills seven people and dog,FoxNews
"Black Lives Matter blames US, praises Cuban regime, social media erupts",FoxNews
Christian parents complain after 11-year-old daughter forced to share bed with biological male on school trip,FoxNews
Why Americans need more face-to-face civil discussions 'with folks outside their own bubble',FoxNews
Trump indicted a second time in election subversion case brought by special counsel Jack Smith,FoxNews
Billy Joel unveils 50-pound weight loss at Madison Square Garden following back surgery,FoxNews
"Honduran illegal immigrant deported from US twice, sentenced for leading Texas burglary ring: 'Masterminded'",FoxNews
Biden admin is rushing to industrialize US oceans to stop climate change: 'Environmental wrecking ball',FoxNews
Idaho gov praises Boise State’s decision to forfeit women’s volleyball match against team with trans player,FoxNews
Anti-Israel Yale protesters joining Columbia students in 'tear down our society' Ivy League movement: Law prof,FoxNews
"Tequila is more than just a shot, plus other fun facts about this spirit",FoxNews
"'Slap in the face': Media, government downplaying Venezuelan gangs, says woman who fled her Colorado apartment",FoxNews
"Riley Gaines visits RNC with message for New York AG Letitia James, Democrats claiming to be party for women",FoxNews
Inside San Jose State's police battle to protect women's athletes threatened by a transgender culture war,FoxNews
Fox News Power Rankings: Trump maintains lead on 2 top issues ahead of VP debate,FoxNews
"Five more House Democrats call on Biden to drop out, third US senator",FoxNews
"Kate Moss, 50, takes Victoria's Secret fashion show by storm in surprise appearance with daughter Lila, 22",FoxNews
"FLASHBACK: New Harris campaign senior adviser made several insensitive comments about women, gay people",FoxNews
Michigan becomes a top GOP Senate target as Mike Rogers ties with Dem opponent among older voters,FoxNews
Hilary Duff lands ‘How I Met Your Father’ series sequel role for Hulu,FoxNews
Herschel Walker says Obama 'forgot our fight for right to vote' after scolding Black voters against Harris,FoxNews
Would-be Trump assassin wants Judge Cannon to recuse herself for dismissing document case,FoxNews
NJ announces emergency dune repairs in shore town penalized for doing them itself,FoxNews
Here are 20 major media stories CNN's Brian Stelter ignored on his so-called media show in 2021,FoxNews
"Olympic boxer deemed to have male chromosomes wins fight in 46 seconds, opponent left in tears after hard hits",FoxNews
"Japanese soufflé pancake gaining popularity in US, yet origin story begins in Hawaii 15 years ago",FoxNews
Women's volleyball team with transgender player getting police protection amid backlash and lawsuit,FoxNews
American women players settle suit vs. US Soccer for $24M,FoxNews
Oprah Winfrey makes surprise DNC appearance to rail against man she once considered running for office with,FoxNews
CNN political director warns of 'trouble sign for Harris' as she lags with White male voters in key states,FoxNews
"Garlic: Planting, roasting and understanding the health benefits of the plant",FoxNews
German bureaucrat under fire for trashing British WWII hero who inspired Israeli army,FoxNews
"Fox News Channel dominates CNN, MSNBC during historic news cycle of third quarter as 'The Five' makes history",FoxNews
TikTok video at fast-food restaurant shows how speedy machine makes salad bowl in no time,FoxNews
"CNN's Brian Stelter gushed over Cuomo's COVID 'leadership': 'He's providing hope, but not false hope'",FoxNews
RFK Jr says ‘corporate media’ has attacked him ‘even more than President Trump’,FoxNews
National POW/MIA Recognition Day reminds Americans of 'nobility' of war heroes and the need to do better,FoxNews
'America's Got Talent' judge Heidi Klum 'did not expect' 9-year-old's epic Tina Turner performance,FoxNews
Sniper killed would-be Trump assassin with 'one-in-a-million shot': source,FoxNews
Biden called out on border crisis by Texas Democrat: 'Absolutely the president should be here',FoxNews
"Brian Stelter defends media not covering Hunter Biden in 2020, says critics don't know 'how newsrooms work'",FoxNews
"On this day in history, February 17, 1801, Jefferson is elected president as party politics divide new nation",FoxNews
"On this day in history, February 12, 1809, Abraham Lincoln is born in Kentucky",FoxNews
"Biden admin unveils sweeping new actions increasing costs for oil, gas leasing",FoxNews
Harris-Trump showdown: Group of former law enforcement leaders takes sides in presidential election,FoxNews
New study reveals extreme weather's impact on seniors' attendance at doctor appointments,FoxNews
7 sneaky calorie culprits that are creeping into your healthy green salad,FoxNews
"Texas woman accidentally swallows partial dentures, here's how a medical team saved the day",FoxNews
National Women's Soccer League faces lawsuit as former employee alleges sexual assault,FoxNews
Tony Bennett in his own words: 'I feel that I have been truly blessed',FoxNews
Kamala Harris tells 'The View' she can't think of anything she would have done differently from Biden,FoxNews
From the 'Shark Tank' to the campaign trail: Mark Cuban teams up with Kamala Harris,FoxNews
Esper replacement Chris Miller tells US troops: 'It's time to come home',FoxNews
'Great weeknight dinner' of classic meatballs with garlic bread a celebrity chef's favorite,FoxNews
Shawn Mendes and Camila Cabello break up: We 'will continue to be best friends',FoxNews
Ted Nugent slams wannabe 'tyrants' on 'Tucker Carlson Today': We don't need the 'king's permission' in America,FoxNews
Mother frantic to save clinical trial that could cure her daughter: ‘The treatment is sitting in a fridge',FoxNews
"On this day in history, April 1, 1945, US forces invade Okinawa, last major battle of World War II",FoxNews
Balance of power: Trump campaign slams Sen Tester as 'radically out of touch' after abortion ad rollout,FoxNews
Virginia teacher shot by 6-year-old student in classroom says she'll 'never forget the look on his face',FoxNews
Supreme Court rules in favor of Colorado graphic designer who refused to create same-sex wedding websites,FoxNews
"Book shows alleged Biden-Harris divide surfaced earlier than previous president-VP rifts, some critics say",FoxNews
"Illegal immigrants with 'terrorism ties' will continue to exploit border, Homeland Security report warns",FoxNews
Matt Damon's advice to Josh Hartnett while filming 'Oppenheimer' was ‘so unhelpful’,FoxNews
Venezuelan Tren de Aragua gang recruiting kids from Texas middle schools,FoxNews
Haitian migration roils town in key battleground state with signs of pro-Trump support on the rise,FoxNews
"Kamala Harris, DNC undertaking 'largest gaslighting operation' in history of politics, says House speaker",FoxNews
Fox News Poll: Trump has edge over Biden in potential 2024 rematch,FoxNews
105-year-old woman graduates from Stanford University 83 years after leaving campus: 'Amazing',FoxNews
"Analysis finds Americans need extra $11,400 to afford the basics as GOP lawmakers blame 'Bidenomics'",FoxNews
Who is Imane Khelif: The Algerian Olympic boxer deemed to have male chromosomes,FoxNews
"On Armed Forces Day, Honor Flight Network receives stunning donation from Mission BBQ",FoxNews
Thanksgiving casserole preferences vary state-by-state,FoxNews
"Former Secret Service agent warns agency ‘stretched thin’ with new responsibilities, lack of manpower",FoxNews
Jelly Roll gives powerful testimony to Congress on fentanyl: 'I was part of the problem',FoxNews
"Thousands of anti-Israel protesters descend on White House praising Hamas, slamming 'genocide Joe'",FoxNews
"From salmon to shark, here are the best and worst fish for your health, according to experts",FoxNews
"Meet the American who first recorded the blues, nation's original pop diva Mamie Smith",FoxNews
Video resurfaces of Harris chanting ‘down with deportation’ at 2018 parade with disgraced actor,FoxNews
Tim Walz turns down NY Times interview requests about response to George Floyd riots,FoxNews
Good Samaritan helps drag wounded Houston cop out of highway gunfight,FoxNews
"Arizona grandma, man she mistakenly texted, to share Thanksgiving for 7th straight year since 2016",FoxNews
"Israeli military says regular infantry, armored units joining limited ground operation in southern Lebanon",FoxNews
New York anti-Israel rally at UN features sign supporting terror group Hezbollah,FoxNews
Mother's Day: The best one-liners and life advice I've ever gotten from Mom,FoxNews
"Tens of thousands of illegal immigrants with sexual assault, murder convictions in US: ICE data",FoxNews
White House calls communism a 'failed ideology' after historic Cuba protests,FoxNews
Full-scale replica of Anne Frank's hidden annex to be unveiled in New York City,FoxNews
Biden admin issues warning to Netanyahu as Israel holds emergency meeting on Gaza aid,FoxNews
"Trump meets with Rachel Morin family at border, Maryland mom of 5 murdered by illegal immigrant suspect",FoxNews
Rural travel destinations where you can unplug and have fun this summer,FoxNews
I'm the cake artist who won at the Supreme Court. Here's why I'm still in court,FoxNews
RFK Jr. shrugs off Biden family corruption allegations: Won't be a 'spear tip to my campaign',FoxNews
Charlie Sheen's ex Denise Richards vows to ‘support’ their daughter Sami after actor disapproves OnlyFans page,FoxNews
"Biden approval rating plummets to 15-year low, poll finds",FoxNews
"Black farmers sue Biden administration over broken debt relief promise, say president reneged on meeting",FoxNews
How to score cheap stuff (to keep or resell),FoxNews
Kamala Harris finally fields questions from press after dodging media for 18 days since becoming Dem nominee,FoxNews
Comedian Jim Gaffigan takes surprising shots at Harris for skipping 'Catholic Met Gala',FoxNews
"On this day in history, August 25, 1980, the Broadway musical '42nd Street' opens",FoxNews
Pentagon sending a ‘few thousand’ personnel to Middle East day after Biden said he wouldn’t add combat troops,FoxNews
Top adviser to left-wing California DA charged with nearly a dozen felonies,FoxNews
"Mike Rowe, well-known storyteller, announces 'Something to Stand For,' new film celebrating America",FoxNews
"CNN boss, political director spiked Hunter Biden controversy, audiotapes reveal: 'We're not going with' story",FoxNews
Videos of Hamas brutality toward Israelis eerily reminiscent of ISIS tactics,FoxNews
Sydney Sweeney 'so glad' mother stopped her from getting breast reduction as a teen: 'They're my best friends',FoxNews
"Trump keeps massive lead, Haley ties DeSantis for second in new 2024 GOP presidential primary poll",FoxNews
Trump-Harris debate: Sen Rick Scott identifies 'biggest thing' that can help former president,FoxNews
New drug for stiff person syndrome granted designation to speed up development: ‘Thrilled for the community’,FoxNews
10 gadgets to help you sleep better,FoxNews
'Extreme agenda': Harris’ past record on illegal immigration resurfaces after Biden drops out,FoxNews
Moms for Liberty takes center stage again in 2024 Republican presidential race,FoxNews
Bernie Sanders to force Senate vote on resolution that could freeze aid to Israel,FoxNews
"Bruce Willis' daughter Tallulah gets emotional over photos with dad, 'my whole damn heart'",FoxNews
Supreme Court denies Biden administration appeal over federal emergency abortion requirement in Texas,FoxNews
"Pink slammed for wearing Biden-Harris shirt, husband Carey Hart comes to her defense: 'Bye Karen'",FoxNews
"On this day in history, July 26, 1990, President George H.W. Bush signs Americans with Disabilities Act",FoxNews
"Fox News Poll: Harris, Trump tied in Pennsylvania",FoxNews
Sage Steele calls out Obama for 'scolding' Black men for lack of enthusiasm for Kamala Harris: 'Back off!',FoxNews
Discovery of Civil War map sheds new light on Antietam’s bloody aftermath,FoxNews
Longtime PA Dem silent on support for freshman 'Squad' member after his name is quietly removed from site,FoxNews
Paul Batura: Dick Hoyt's death – famed Boston Marathon runner and father lovingly pushed his son to greatness,FoxNews
Pittsburgh diners fume over ‘staged’ Harris campaign stop as popular restaurant cleared: ‘Mind-boggling’,FoxNews
Young swing state voters deliver advice for Kamala Harris: 'There needs to be more transparency',FoxNews
One Direction’s Liam Payne mourned by Hollywood after death at 31: ‘Absolutely heartbreaking’,FoxNews
Harris to virtually attend Catholic charity dinner that rival Trump is headlining,FoxNews
"Fox News Poll: New matchup, same result — Trump bests Harris by one point",FoxNews
How long will the Kamala Harris honeymoon in the polls against Donald Trump last?,FoxNews
Diabetes patients now have access to first generic GLP-1 medication: ‘More accessible and affordable’,FoxNews
DAVID MARCUS: Kamala Harris can no longer hide from her dangerous stance on men playing in girls' sports,FoxNews
"Nevada Senate hopefuls tackle trans athletes, immigration and UFOs in only debate",FoxNews
Would-be Trump assassin Ryan Routh camped under cover of darkness for 12 hours: court docs,FoxNews
Meta claims another 'error' after conservative college's second complaint about Facebook treatment,FoxNews
"This Veterans Day, four key lessons on leadership in America from a former Marine: 'Sense of mission'",FoxNews
Politico alters headline calling Kamala Harris' support for banning fracking a 'Trump accusation',FoxNews
New poll reveals Republican Senate candidate deadlocked with Dem in crucial deep blue state,FoxNews
"Lori Loughlin, Mossimo Giannulli officially plead guilty in college admissions scandal case",FoxNews
Sydney Sweeney tackles Glen Powell affair rumors on 'Saturday Night Live',FoxNews
Taylor Swift's Eras Tour leaves US after months of making history and causing chaos,FoxNews
Flashback: Kamala Harris compared ICE to KKK in Senate hearing,FoxNews
NRA accuses Meta of 'election interference' after labeling posts hitting Harris 'false information',FoxNews
Hulk Hogan suggests he is willing to 'body-slam' US Vice President Kamala Harris,FoxNews
Trump says he was 'shot with a bullet' in assassination attempt at Pennsylvania rally,FoxNews
Olivia Rodrigo reunites with rumored ex Joshua Bassett for first time since breakup hit 'Drivers License',FoxNews
Utah State is fourth school to forfeit women's volleyball match amid San Jose State trans player controversy,FoxNews
"France is sending a new Statue of Liberty to the US for July 4, but this time it's mini",FoxNews
"On this day in history, September 22, 1862, Abraham Lincoln proclaims slaves will soon be 'forever free'",FoxNews
NFL legend Troy Aikman rips 'lazy' Cowboys wide receivers after blowout loss,FoxNews
Supreme Court overturns Roe v. Wade in landmark abortion decision,FoxNews
"Hurricane effects pose 'tremendous' health hazards for Americans, doctor warns",FoxNews
Ex-law enforcement officials warn Biden's menthol cigarette ban could 'create a vacuum' for Mexican cartels,FoxNews
"Iran tried to influence election by sending stolen material from Trump campaign to Biden’s camp, FBI says",FoxNews
Abandoned luxury hotel in Florida will reopen after 17 years,FoxNews
"Simon Cowell, Lauren Silverman engaged nearly 8 years after welcoming son",FoxNews
All the reasons why Trump's tax-free tips plan is brilliant,FoxNews
"Trump vows to cut business tax rate to 15%, create government efficiency commission led by Elon Musk",FoxNews
"On this day in history, September 23, 1806, Lewis and Clark return to St. Louis as heroes after journey",FoxNews
Popular PA Democratic mayor warns Trump is ‘out-messaging’ Harris: 'I get more from Colbert',FoxNews
Greece to impose tax for cruise visitors on popular islands to combat overtourism,FoxNews
JD Vance on his 'change of heart' for Trump: Politicians shouldn't 'try to hide' from their past stances,FoxNews
"Trump arrives at Alabama-Georgia game to chants of 'USA,' 'Four more years'",FoxNews
Jack Carr's take on the 1983 Beirut Marine barracks terror attack 40 years ago: 'Opening salvo in a new war',FoxNews
Pennsylvania Republicans to draft bill to relocate migrants on Biden DHS flights to Delaware,FoxNews
"FEMA has funds needed for 'immediate response and recovery,' despite Mayorkas' warning",FoxNews
"Missing Texas mom, luxury real estate agent seen in last photo before disappearance as family fears worst",FoxNews
'I will be haunted forever’: Israel’s horrific video of Hamas atrocities leaves viewers shocked and sickened,FoxNews
Former leader of Walz's battalion publishes scathing message aimed at governor's military career: Report,FoxNews
Sean Payton's Broncos take advantage of depleted Saints roster in head coach's return to New Orleans,FoxNews
Delaware man stole $11K worth of cigarettes from Walgreens: state police,FoxNews
John Kerry targets agriculture as part of climate crusade,FoxNews
Trump says he was 'surprised' VP Kamala Harris skipped Al Smith dinner: 'Terrible decision',FoxNews
Biden admin convenes legal experts on protecting women's reproductive health after Supreme Court ruling,FoxNews
Florida Supreme Court approves abortion ballot initiative while upholding 15-week ban,FoxNews
3 great American cities for history buffs and patriotic travelers this summer,FoxNews
Rep. Swalwell labels Trump-Vance ticket 'weird' and 'creepy' in line echoed by media: '24 karat creep',FoxNews
"Harris-led office, ATF stonewalling probe into 'collusion' with anti-gun group lawsuit: House Oversight chair",FoxNews
Stay toasty with these 8 bedding picks that will keep you warm all winter long,FoxNews
"Hurricane Helene wreaks havoc across Asheville, NC; National Guard deployed, 119 rescued",FoxNews
Taylor Swift announces new music after being scared by seemingly possessed piano during Eras Tour,FoxNews
"Louisiana classifies abortion drugs as controlled, dangerous substances after Gov. Landry greenlights proposal",FoxNews
"Intricacies of St Augustine, the oldest city in the United States",FoxNews
"Johnson grills DHS on migrant releases, as GOP pressure builds on border crisis",FoxNews
Who is Noa Argamani? Woman kidnapped by Hamas terrorists at trance music festival in Israel,FoxNews
Congress expected to consider emergency spending measure to replace Baltimore bridge after collapse,FoxNews
'The View' co-host Joy Behar begs Republicans to vote for Democratic Party: 'Just do it this one time',FoxNews
Biden to host virtual meeting with governors to 'protect women's reproductive health' after abortion ruling,FoxNews
"Archbishop of Canterbury condemns gay marriage, but Anglican bishops remain divided",FoxNews
Harris-Trump showdown: New polls indicate who has the edge in the Blue Wall battle,FoxNews
Acting Secret Service director briefs lawmakers on Trump assassination attempt ahead of public report,FoxNews
CNN's Brian Stelter forced to address Cuomo sex scandal after network delayed coverage of first accuser,FoxNews
"‘Oppenheimer’ stars Matt Damon, Emily Blunt on being neighbors and the one thing they'll never do together",FoxNews
Alabama executes man who killed 5 in drug-fueled rampage,FoxNews
"Oklahoma City outlaw biker boss jumped, killed nearly year to day after Texas gunfight",FoxNews
New York MS-13's 'Little Devil' convicted in ambush murder of 4 young men,FoxNews
WWE legend Hulk Hogan has Super Bowl aspirations for Lions after surprise camp visit: 'I predict greatness',FoxNews
Top handicapper gives GOP's Tim Sheehy edge against Democrat Jon Tester in Montana race shift,FoxNews
Ask a doctor: ‘Why do I keep eating foods that I know are bad for me?’,FoxNews
"North Carolina mom of 4 swept up by Hurricane Helene flooding in front of husband, 8-year-old son",FoxNews
Why JD Vance is concentrating on these 3 states: 'Red wall in November',FoxNews
Tyra Banks defends Olivia Jade being on 'Dancing with the Stars' Season 30,FoxNews
Harris dodges question on lowering prices by describing 'middle-class' roots: Neighbors 'proud of their lawn',FoxNews
Top New York Republican scorches state Dems' effort to ban gas stoves: 'An attack on working people',FoxNews
Netanyahu says security in Gaza is critical to stop Hamas smuggling hostages into Iran: 'lost forever',FoxNews
Biden praises Florida Gov. Ron DeSantis as ‘very gracious’ amid hurricane relief effort,FoxNews
Kamala Harris getting overwhelmingly positive media coverage since emerging as nominee: Study,FoxNews
'Tightest race since 2000': Harris-Trump showdown hits final stretch until Election Day,FoxNews
Biden admin under fire for opening borders to food imports potentially containing devastating disease,FoxNews
You’ll laugh at who MSNBC brought to whine about Trump’s alleged affair,FoxNews
Fetterman reams out NY Times for platforming terrorist propaganda after interview with senior Hamas official,FoxNews
Bill Maher shocked by MSNBC's softball Kamala Harris interview: I didn't expect them to be 'rubbing her feet',FoxNews
Democratic Sen. Bob Casey concedes there's no 'videotape' that'll disprove Biden's age concerns,FoxNews
Iran remembers Hamas leader Yahya Sinwar as a 'martyr' and 'model for the youth and children',FoxNews
Sydney Sweeney is unrecognizable as she channels famous athlete for upcoming role,FoxNews
Biden admin's FEMA 'equity' plan faces backlash amid historic hurricane damage: 'What an embarrassment',FoxNews
Reports of Biden White House keeping 'sensitive' Hamas intel from Israel draws outrage,FoxNews
Columbia University bars pro-Israel professor from campus for 'threatening behavior',FoxNews
Airline passenger's 'awkward' seating arrangement goes viral: 'Never going to recover',FoxNews
Ex-NWSL coach slams league as 'woke' after being banned for life,FoxNews
Trump plans to plead not guilty to Jack Smith's revised federal election interference charges,FoxNews
Kurt Cobain and Courtney Love attempted to escape 'craziness' of fame,FoxNews
Honey Deuce sales at US Open revealed as cocktail explodes in popularity,FoxNews
'Sickening': VP Harris slammed by school shooting victims' families over recently unearthed comments,FoxNews
Transgender high school volleyball player appears to feature spike that injured opponent in highlight reel,FoxNews
Tren de Aragua members of violent Venezuelan migrant gang arrested in Texas: HSI,FoxNews
Mongolia ignores ICC demands to arrest Putin during state visit,FoxNews
FBI has gained access to Thomas Matthew Crooks' phone in Trump assassination attempt,FoxNews
Federal judge orders Trump assassination attempt suspect Routh not to be released,FoxNews
Biden shrugs off age concerns during friendly Seth Meyers chat: 'It's about how old your ideas are',FoxNews
"Trump-Harris presidential debate: Philadelphia under Biden saw cops, kids shot, alleged savage offenders freed",FoxNews
"'Distrust and chaos': Georgia Dems, GOP battle over new ballot rule as early voting kicks off Tuesday",FoxNews
"On this day in history, Sept. 16, 1620, Mayflower departs Plymouth, England",FoxNews
Former Colorado apartment resident says Gov. Polis 'wouldn't last five minutes' against armed gangs,FoxNews
"App crash during Lent leads Hallow CEO to hear God say, ‘Give up and let me handle it’",FoxNews
Vance vs. Walz: Think VP debates don't matter? Just look at these 6 examples,FoxNews
Top Republican demands Biden admin block Iranian foreign minister's visit to UN: 'an insult' to victims,FoxNews
9/11 survivor recounts haunting escape from 81st floor of World Trade Center tower,FoxNews
Lexi Thompson reflects on 'emotional week' playing for USA for likely last time at Solheim Cup,FoxNews
"Harris re-energizes Black voters in key states, poll finds",FoxNews
Justice Ketanji Brown Jackson asks tough questions in first Supreme Court oral argument,FoxNews
Biden's move to lift financial restrictions on notorious dictatorship triggers backlash,FoxNews
"Bruce Willis, Demi Moore and Arnold Schwarzenegger, Maria Shriver still have ‘forever’ relationships",FoxNews
NASCAR icon Richard Childress describes 'great' reception for JD Vance appearance at North Carolina race,FoxNews
"Health care is ‘overwhelmingly complex’ for older adults, experts say: ‘Ever-increasing hurdle’",FoxNews
Olivia Rodrigo powers through wardrobe malfunction during concert: 'So embarrassing',FoxNews
"Trump-Harris race neck and neck nationally in new survey, pollster sees 'warning sign' for Dems",FoxNews
Meet the everyday heroes commemorated at FOX Nation's 2023 Patriot Awards,FoxNews
"Biden admin eco rule curbing oil drilling, mining faces widespread opposition",FoxNews
Stiff person syndrome patients share what it’s like to live with the rare disease,FoxNews
Schumer calls for new Israeli leader to replace Netanyahu in Senate floor speech,FoxNews
"'Euphoria's' Sydney Sweeney faces heat for mom's party featuring MAGA-like hats, 'Blue Lives Matter' shirt",FoxNews
"'Pay for slay': Palestinian Authority may have to compensate families of Hamas terrorists, report says",FoxNews
"WWII vet, 101, 'finally' walks at graduation 80 years after having to miss ceremony amid global war",FoxNews
Mike Johnson won't commit to bringing House back before the election for more hurricane relief,NBC
Palestinians are using donated eSIM cards to stay in touch with the outside world,NBC
15+ best car accessories on Amazon to shop right now,NBC
Kristen Cavallari and Jay Cutler to divorce after 10 years together,NBC
U.S. and China take cautious steps to repair ties,NBC
Is prebiotic soda actually better for you? Doctors and nutritionists weigh in,NBC
"New FBI stats show 'historic' declines in violent crime rate, with murder showing sharpest drop",NBC
"Who was Hassan Nasrallah, the Hezbollah leader killed in Beirut strike",NBC
Trump courts rappers as surrogates for his campaign to win more voters of color,NBC
"Jan. 6 rioter asks for early release, says he was ‘manipulated’ by Trump and Fox News",NBC
S.C. man sentenced to life in prison for murdering Black trans woman after historic verdict,NBC
The best TV streaming services in 2026,NBC
101+ Latino-owned brands to know and support in 2026,NBC
Secretary of State Antony Blinken declines to identify 'red line' for aid to Israel,NBC
How an Elon Musk-backed PAC is gathering data to boost Trump,NBC
"Stampede at religious event in India kills more than 100 people, almost all of them women",NBC
Prosecutor tells jurors 'ecstatic' Jan. 6 defendant bragged about carrying gun,NBC
Trump falsely accuses Harris of deciding to 'turn Black' during a combative panel with Black journalists,NBC
Why Atlanta spa shooter's Asian 'acquaintances' can't tell us much about his racial biases,NBC
"Trump has some immunity in D.C. election interference case, Supreme Court rules: Highlights",NBC
Microsoft CEO Satya Nadella calls for coordination to address AI risk,NBC
GOP turns the spotlight on Sen. Bob Casey's family ties in key Pennsylvania race,NBC
"Key Nebraska Republican opposes changing how the state awards electoral votes, blocking Trump push",NBC
Ex-police chief who spread conspiracies about Jan. 6 found guilty in Capitol attack,NBC
"After false pet claims, Springfield mayor says Trump visit would be 'an extreme strain' on resources",NBC
How Ron DeSantis’ super PAC is taking financial pressure off his campaign,NBC
Top Democrat urges Biden admin to do more to help local election officials fight a flood of disinformation,NBC
Trump accuses DOJ of 'mishandling and downplaying' second assassination plot,NBC
Best portable air conditioners under $400 to help you beat the heat,NBC
The JBL Clip 5 is my go-to portable speaker and I take it almost everywhere I go,NBC
Treasury Department now using AI to save taxpayers billions,NBC
Trump says he would pardon a 'large portion' of Jan. 6 rioters,NBC
'Totally illegal': Trump escalates rhetoric on outlawing political dissent and criticism,NBC
Trump's GOP critics take aim after indictment is unsealed,NBC
Nebraska Supreme Court rules convicted felons who completed their sentences can vote,NBC
DNC 2024 highlights: Biden passes torch to Harris in Democratic convention speech,NBC
Senior Hamas leader killed in Beirut was a key figure who patched up ties with Iran,NBC
QAnon follower who led the mob that chased Police Officer Eugene Goodman on Jan. 6 sentenced to 5 years in prison,NBC
"Russia aims to undermine Biden in November election, intel officials say",NBC
DeSantis signs bill creating election police unit in Florida,NBC
"The best disposable face masks and how to shop for them, according to doctors",NBC
Jan. 6 committee avoids criticizing law enforcement in report summary,NBC
Pro-China influence campaign pushed talking points across more than 50 websites,NBC
Historic North Carolina village underwater after devastating damage from Helene,NBC
Iranian President Raisi is killed in helicopter crash,NBC
Abortion rights amendments qualify for the ballot in Colorado and South Dakota,NBC
Poll: Half of voters plan to cast their ballots early — with a stark partisan divide,NBC
"Trump is not immune in 2020 election interference case, appeals court rules",NBC
"Zelenskyy calls for international support, Harris underscores unity with Ukraine",NBC
Putin warns he could provide weapons to attack the West and issues new nuclear threat,NBC
Israel’s outgoing army chief rebukes Netanyahu's far-right government,NBC
"Looking for leads, not love: Job seekers in China turn Tinder into a networking tool",NBC
"California man accused of drugging, sexually assaulting nine women is charged with murder",NBC
Hard-liner Raisi's 'engineered' Iran election win entrenches conservative rule,NBC
Harris points to California experience and criticizes Trump when asked how she would differ from Biden on border policy,NBC
"No new talks over U.S. soldier detained in North Korea, U.S. officials say",NBC
Ex-cop who stormed the Capitol on Jan. 6 sentenced to record-tying 7 years in prison,NBC
Kanye West implies he plans to vote for Donald Trump in 2020,NBC
"19 best workout leggings, tested by experts and editors",NBC
Congress passes bill to boost presidential candidate security after apparent attempt on Trump's life,NBC
FBI failures before the Capitol siege avoided the Jan. 6 committee's scorn. Not for long.,NBC
The U.S. could see a new 'extreme heat belt' by 2053,NBC
Trump rallies in the South Bronx as he seeks to win over Black and Hispanic voters,NBC
GOP-led House committees release lengthy report alleging President Biden committed impeachable offenses,NBC
Trump comes out against Florida's abortion rights ballot measure after conservative backlash,NBC
"Wisconsin voters face long waits, lines amid coronavirus outbreak",NBC
Police deny Venezuela gang has taken over rundown apartment complex in Denver suburb,NBC
"Harris-Trump debate nabs more than 67 million viewers, Nielsen says",NBC
South Korean prime minister offers to resign after parliamentary election defeat,NBC
"How to drive safely with a dog: Shop crash-tested harnesses, crates and more",NBC
Indian election: Prime Minister Modi's BJP seeks supporters in the U.S.,NBC
Israel says ground operation at its 'most intense day',NBC
Pro-Palestinian protests inflame tensions in Washington over the Israel-Hamas war,NBC
Israel vows tough measures to 'strengthen' settlements following deadly attacks,NBC
Floods in Romania kill at least four people as rain batters central Europe,NBC
Palestinian civilians trapped in Gaza amid intensifying Israeli bombing,NBC
Asian woman punched 125 times in New York attack; suspect charged with attempted murder as hate crime,NBC
"The best reusable water bottles of 2026: Stanley, Owala and more",NBC
"Trump slams Harris' call for a price-gouging ban, but 37 states already have their own",NBC
Democrats to dub Trump a 'chicken' to pressure him to debate Harris,NBC
"Democrats maintain control of Senate, NBC News projects, defeating many Trump-backed Republicans",NBC
Why Sunbasket is one of the best meal delivery services for gluten-free eaters,NBC
"Echoing DeSantis, Florida's new surgeon general argues against Covid vaccines, mandates",NBC
Trump goes after Haley in New Hampshire ad; Biden reschedules Jan. 6 speech: Highlights,NBC
"The best tools for baking cookies, as recommended by professional bakers",NBC
ACLU sues Biden administration over new asylum rule,NBC
Democrats ramp up efforts to turn out Puerto Rican voters in Pennsylvania,NBC
At least 90 killed in Israeli military operation targeting two Hamas officials,NBC
Trump calls people charged and convicted for Jan. 6 riots 'hostages',NBC
Hamas leader Ismail Haniyeh says 3 of his sons were killed in an Israeli airstrike in Gaza,NBC
Trump says the death of Hamas leader Yahya Sinwar makes a peace deal ‘easier’,NBC
WWII bomb revealed in drought-hit waters of Italy’s River Po,NBC
Death of Russian oil exec highlights suspicious ends met by those who crossed the Kremlin,NBC
"Joe Biden lands 200 judges, highlighting stakes for the courts in the 2024 election",NBC
Four Mark Robinson staffers step down from embattled campaign,NBC
Tens of thousands protest Netanyahu's contentious plan to overhaul Israel's judicial system,NBC
Oath Keepers founder sentenced to 18 years in Jan. 6 seditious conspiracy case,NBC
"Capitol Police Officer Brian Sicknick died of natural causes after riot, medical examiner says",NBC
"CEOs of TikTok, Meta, Snap and X to testify at Senate online child safety hearing. Here's what to know.",NBC
"'She was a big kid': Son of Hyun Jung Grant, killed in Atlanta shootings, recalls last moment they spent together",NBC
How Ukraine's Volodymyr Zelenskyy became a global phenomenon,NBC
Jan. 6 rioter who charged police while carrying a gun sentenced to 7 years,NBC
Trump gets hit from all sides for testing a softer abortion message 'in order to win',NBC
Qatar re-evaluating its role as mediator in Gaza cease-fire talks,NBC
"Biden says the election will be 'free and fair,' but 'I don't know whether it will be peaceful'",NBC
Michelle Obama's office says the former first lady 'will not be running for president' in 2024,NBC
The $360 Midea U window air conditioner is expensive but worth every cent,NBC
Democrats were once afraid of the A-word. Now they're running on it.,NBC
Sinwar's killing is a win for Israel — but many Palestinians are proud of his defiant last stand,NBC
"Wigs, robotic guns and exploding pagers: Israel has a long history of hunting down its enemies",NBC
"Draft opinion indicates Supreme Court will overturn Roe v. Wade, Politico reports in extraordinary leak",NBC
Victims of Hamas attack in Israel and their families blame Iran in new federal lawsuit,NBC
'White dudes' rally to elect Kamala Harris as the first female president,NBC
Election 2024: Trump campaigns in Pennsylvania ahead of Biden's U.N. speech,NBC
"U.S. sending powerful defense system to Israel, deepening its involvement in the conflict",NBC
NOAA issues highest-ever early forecast for the coming hurricane season,NBC
'Psych' star Dulé Hill on Hollywood diversity and the legacy of 'The West Wing',NBC
New York City has the worst air quality in the world as smoke from Canadian wildfires rolls in,NBC
Charges in Beverly Hills attack on Jewish couple could amount to life in prison,NBC
Putin praises Kim Jong Un's support for Ukraine war as he heads to North Korea,NBC
Why my iPhone-and-wallet combo case is a smart buy,NBC
Capitol Police Officer Eugene Goodman offers new Jan. 6 details at trial of QAnon believer,NBC
Wave of protests in Iran reflects seething anger over how its regime treats women,NBC
"House votes to condemn Biden, Harris and others over 2021 Afghanistan withdrawal",NBC
Abortion groups aim to challenge Florida’s bans on the ballot in 2024,NBC
Trump calls judge overseeing his Jan. 6 case 'the most evil person',NBC
Sinwar’s death offers an opening to end the war in Gaza – and a test for Netanyahu,NBC
The fight for the future of Israel's political system isn't over. Here’s what to know.,NBC
Chinese adoptees say they feel conflicted after China announces end to international adoptions,NBC
Andy Beshear draws rebuke from Vance over abortion comments,NBC
"Iran targeting U.S. state voter rolls and spreading election propaganda, officials say",NBC
Trump rally shooter identified as 20-year-old Pennsylvania man,NBC
Hamas says it has taken ‘dozens’ of Israelis hostage,NBC
Republicans' anti-Trump effort flounders as the former president cruises ahead,NBC
"A new book has amplified fierce debate around teens, mental health and smartphones",NBC
Judge rules against RFK Jr.'s bid to appear on New York ballot this fall,NBC
The Moccamaster is a drip coffee lover’s aesthetic dream,NBC
Brazil's Christ the Redeemer welcomes Taylor Swift with a special projection,NBC
"Beijing sizzles at 106 degrees, hottest June day recorded in China's capital",NBC
2024 GOP candidates forced to grapple with a 6-week abortion ban to win Iowa,NBC
Do Stanley cups contain lead or pose a risk of lead poisoning? Experts weigh in,NBC
Netanyahu era ends in Israel as new government survives key parliament vote,NBC
The 19 gifts book lovers will absolutely love,NBC
11 best skin care products for sensitive skin,NBC
"Armed North Carolina man arrested on suspicion of making threats against FEMA workers, authorities say",NBC
It’s official: These are the 39 best Advent calendars of 2025’s holiday season,NBC
Garmin Forerunner 165 review: A running watch with great battery life and detailed data,NBC
What JD Vance has said about the war in Ukraine,NBC
Nobel peace laureate known as 'banker to the poor' faces jail in Bangladesh,NBC
Biden gives historic interview to LGBTQ newspaper,NBC
Biden in Germany speaks of hope of a cease-fire in Gaza after Sinwar death,NBC
Deal for release of hostages held by Hamas may be taking shape,NBC
New Jan. 6 footage appears to show rioter firing a gun in the air during Capitol attack,NBC
How votes get counted and reported on election night — and how NBC News gathers and checks the data,NBC
"1 year after Atlanta-area spa shootings, Asian American community is still healing",NBC
Israeli Prime Minister Netanyahu hospitalized,NBC
"A group of Palestinian men waving a white flag is shot at, killing 1",NBC
Trump launches group to build Black support at Detroit church event,NBC
Trump once called Jan. 6 a 'heinous attack.' Now he calls it a 'day of love.',NBC
Democrat Josh Shapiro defeats Republican Doug Mastriano in Pennsylvania governor's race,NBC
New Orleans braces for drinking water emergency from drought-stricken Mississippi River,NBC
Ex-NYPD officer who assaulted D.C. officer on Jan. 6 gets record 10-year sentence,NBC
Harris says it is part of the American tradition for VPs not to criticize the president,NBC
The best Turkish beach towels to keep you dry all summer long,NBC
Federal judge appoints special master to review documents seized at Mar-a-Lago,NBC
Biden signs executive action drastically tightening border,NBC
"U.S., U.K. among 9 countries pausing funding to UNRWA amid allegations 12 employees were part of Oct. 7 attack",NBC
"Our favorite alpha hydroxy acid (AHA) products – plus, how to properly use them",NBC
Select Pet Awards 2023: The best food and accessories for dogs and cats,NBC
Here’s why any Israeli attempt to rescue the 150 hostages in Gaza will be ‘brutal’ and painful,NBC
Texas husband held on $1M bond in wife's strangulation death that was first reported as suicide,NBC
How much water do you really need to drink?,NBC
Transgender models featured in Victoria’s Secret Fashion Show,NBC
DOJ charges two brothers in Jan. 6 assault on a New York Times photographer,NBC
Election 2024: Harris and Trump campaign in Pennsylvania; Walz stumps in Wisconsin,NBC
23+ gifts that show teachers how much you appreciate them,NBC
Kremlin denies it was behind the plane crash believed to have killed Yevgeny Prigozhin,NBC
Trump describes in detail being shot by a would-be assassin,NBC
"A timeline of Trump's many, many positions on abortion",NBC
"How to heal dry, chapped lips, according to dermatologists",NBC
The best Valentine’s Day flowers and plants on sale right now,NBC
"How to clean a reusable water bottle, according to experts",NBC
NewJeans says they’re more than solely K-pop stars as they break global barriers,NBC
6 key takeaways from the first Harris-Trump presidential debate,NBC
Outspoken critic of Palestinian Authority Nizar Banat dies after violent arrest,NBC
"Iran vows retaliation on Israel after commanders' deaths, raising fears of war spiraling",NBC
Trump turns political event into surreal listening party,NBC
Florida Supreme Court hears arguments over an abortion rights ballot measure,NBC
Tested and reviewed: the 9 best prepared meal delivery services of 2026,NBC
Israeli military recovers the bodies of 3 more hostages killed on Oct. 7 from Gaza,NBC
"Alleged 'Baby Reindeer' inspiration sues Netflix, claiming defamation",NBC
Congress to get beefed-up security for electoral vote certification on Jan. 6,NBC
"The best shampoos for dry hair, according to experts",NBC
Federal judge sets March trial date in Trump's election interference case,NBC
Trump calls GOP candidate with a history of offensive remarks 'Martin Luther King on steroids',NBC
Walmart is hosting its first Holiday Deals event — and these are all the details,NBC
Opioid overdose antidote Narcan will be widely available over the counter next week,NBC
Supreme Court stays out of fight over transgender student bathroom access,NBC
Benjamin Netanyahu says he will meet with Florida Gov. Ron DeSantis in Israel,NBC
Bangladesh restores internet as students call off job-quota protests,NBC
9 best gluten-free meal delivery services to try in 2026,NBC
"Man with gun, knife arrested near Justice Kavanaugh's house",NBC
"Iranian President Ebrahim Raisi, known for brutal crackdowns against political opposition, dies at 63",NBC
Pelosi appoints Republican Rep. Kinzinger to Jan. 6 committee,NBC
The Vitruvi Stone Diffuser helps me fall asleep faster — and it's on sale now,NBC
Israel says troops searched a Gaza cemetery for dead hostages,NBC
"Stellantis to sell, shutter large testing facility amid cost-cutting efforts",NBC
"15 best shampoos for damaged hair, according to hairstylists",NBC
Flat irons shouldn't fry your hair — here are the best ones for avoiding heat damage,NBC
"2024 Olympics: Simone Biles takes gold in vault, Sha'Carri Richardson gets silver in 100-meter",NBC
"Fearing a Trump takeover, Justice Department alumni endorse Kamala Harris",NBC
Arizona Senate Primary Results 2024,NBC
